"Title","Media URL","Thumbnail"
"2-in-1-hair-straightener-curler  (1)","https://media.githubusercontent.com/media/harrietwong/pinterest-videos/refs/heads/main/2-in-1-hair-straightener-curler%20%20(1).mp4","https://media.githubusercontent.com/media/harrietwong/pinterest-videos/refs/heads/main/2-in-1-hair-straightener-curler%20%20(1)-cover.png"
"2-in-1-hair-straightener-curler  (2)","https://media.githubusercontent.com/media/harrietwong/pinterest-videos/refs/heads/main/2-in-1-hair-straightener-curler%20%20(2).mp4","https://media.githubusercontent.com/media/harrietwong/pinterest-videos/refs/heads/main/2-in-1-hair-straightener-curler%20%20(2)-cover.png"
"2-in-1-hair-straightener-curler  (3)","https://media.githubusercontent.com/media/harrietwong/pinterest-videos/refs/heads/main/2-in-1-hair-straightener-curler%20%20(3).mp4","https://media.githubusercontent.com/media/harrietwong/pinterest-videos/refs/heads/main/2-in-1-hair-straightener-curler%20%20(3)-cover.png"
"body-coverage-perfector (1)","https://media.githubusercontent.com/media/harrietwong/pinterest-videos/refs/heads/main/body-coverage-perfector%20(1).mp4","https://media.githubusercontent.com/media/harrietwong/pinterest-videos/refs/heads/main/body-coverage-perfector%20(1)-cover.png"
"body-coverage-perfector (2)","https://media.githubusercontent.com/media/harrietwong/pinterest-videos/refs/heads/main/body-coverage-perfector%20(2).mp4","https://media.githubusercontent.com/media/harrietwong/pinterest-videos/refs/heads/main/body-coverage-perfector%20(2)-cover.png"
"body-coverage-perfector (3)","https://media.githubusercontent.com/media/harrietwong/pinterest-videos/refs/heads/main/body-coverage-perfector%20(3).mp4","https://media.githubusercontent.com/media/harrietwong/pinterest-videos/refs/heads/main/body-coverage-perfector%20(3)-cover.png"
"body-coverage-perfector ","https://media.githubusercontent.com/media/harrietwong/pinterest-videos/refs/heads/main/body-coverage-perfector%20.mp4",""
"cc-undereye-corrector™ (1)","https://media.githubusercontent.com/media/harrietwong/pinterest-videos/refs/heads/main/cc-undereye-corrector%E2%84%A2%20(1).mp4","https://media.githubusercontent.com/media/harrietwong/pinterest-videos/refs/heads/main/cc-undereye-corrector%E2%84%A2%20(1)-cover.png"
"cc-undereye-corrector™ (2)","https://media.githubusercontent.com/media/harrietwong/pinterest-videos/refs/heads/main/cc-undereye-corrector%E2%84%A2%20(2).mp4","https://media.githubusercontent.com/media/harrietwong/pinterest-videos/refs/heads/main/cc-undereye-corrector%E2%84%A2%20(2)-cover.png"
"cc-undereye-corrector™ (3)","https://media.githubusercontent.com/media/harrietwong/pinterest-videos/refs/heads/main/cc-undereye-corrector%E2%84%A2%20(3).mp4","https://media.githubusercontent.com/media/harrietwong/pinterest-videos/refs/heads/main/cc-undereye-corrector%E2%84%A2%20(3)-cover.png"
"cc-undereye-corrector™ (4)","https://media.githubusercontent.com/media/harrietwong/pinterest-videos/refs/heads/main/cc-undereye-corrector%E2%84%A2%20(4).mp4","https://media.githubusercontent.com/media/harrietwong/pinterest-videos/refs/heads/main/cc-undereye-corrector%E2%84%A2%20(4)-cover.png"
"cc-undereye-corrector™ (5)","https://media.githubusercontent.com/media/harrietwong/pinterest-videos/refs/heads/main/cc-undereye-corrector%E2%84%A2%20(5).mp4","https://media.githubusercontent.com/media/harrietwong/pinterest-videos/refs/heads/main/cc-undereye-corrector%E2%84%A2%20(5)-cover.png"
"cc-undereye-corrector™ (6)","https://media.githubusercontent.com/media/harrietwong/pinterest-videos/refs/heads/main/cc-undereye-corrector%E2%84%A2%20(6).mp4","https://media.githubusercontent.com/media/harrietwong/pinterest-videos/refs/heads/main/cc-undereye-corrector%E2%84%A2%20(6)-cover.png"
"cc-undereye-corrector™ (7)","https://media.githubusercontent.com/media/harrietwong/pinterest-videos/refs/heads/main/cc-undereye-corrector%E2%84%A2%20(7).mp4","https://media.githubusercontent.com/media/harrietwong/pinterest-videos/refs/heads/main/cc-undereye-corrector%E2%84%A2%20(7)-cover.png"
"cc-undereye-corrector™ (8)","https://media.githubusercontent.com/media/harrietwong/pinterest-videos/refs/heads/main/cc-undereye-corrector%E2%84%A2%20(8).mp4","https://media.githubusercontent.com/media/harrietwong/pinterest-videos/refs/heads/main/cc-undereye-corrector%E2%84%A2%20(8)-cover.png"
"cc-undereye-corrector™ (9)","https://media.githubusercontent.com/media/harrietwong/pinterest-videos/refs/heads/main/cc-undereye-corrector%E2%84%A2%20(9).mp4","https://media.githubusercontent.com/media/harrietwong/pinterest-videos/refs/heads/main/cc-undereye-corrector%E2%84%A2%20(9)-cover.png"
"cedarglow™-premium-thick-christmas-garlan (1)","https://media.githubusercontent.com/media/harrietwong/pinterest-videos/refs/heads/main/cedarglow%E2%84%A2-premium-thick-christmas-garlan%20(1).mp4","https://media.githubusercontent.com/media/harrietwong/pinterest-videos/refs/heads/main/cedarglow%E2%84%A2-premium-thick-christmas-garlan%20(1)-cover.png"
"cedarglow™-premium-thick-christmas-garlan (2)","https://media.githubusercontent.com/media/harrietwong/pinterest-videos/refs/heads/main/cedarglow%E2%84%A2-premium-thick-christmas-garlan%20(2).mp4","https://media.githubusercontent.com/media/harrietwong/pinterest-videos/refs/heads/main/cedarglow%E2%84%A2-premium-thick-christmas-garlan%20(2)-cover.png"
"cedarglow™-premium-thick-christmas-garlan (3)","https://media.githubusercontent.com/media/harrietwong/pinterest-videos/refs/heads/main/cedarglow%E2%84%A2-premium-thick-christmas-garlan%20(3).mp4","https://media.githubusercontent.com/media/harrietwong/pinterest-videos/refs/heads/main/cedarglow%E2%84%A2-premium-thick-christmas-garlan%20(3)-cover.png"
"cedarglow™-premium-thick-christmas-garlan (4)","https://media.githubusercontent.com/media/harrietwong/pinterest-videos/refs/heads/main/cedarglow%E2%84%A2-premium-thick-christmas-garlan%20(4).mp4","https://media.githubusercontent.com/media/harrietwong/pinterest-videos/refs/heads/main/cedarglow%E2%84%A2-premium-thick-christmas-garlan%20(4)-cover.png"
"cedarglow™-premium-thick-christmas-garlan (5)","https://media.githubusercontent.com/media/harrietwong/pinterest-videos/refs/heads/main/cedarglow%E2%84%A2-premium-thick-christmas-garlan%20(5).mp4","https://media.githubusercontent.com/media/harrietwong/pinterest-videos/refs/heads/main/cedarglow%E2%84%A2-premium-thick-christmas-garlan%20(5)-cover.png"
"cedarglow™-premium-thick-christmas-garlan (6)","https://media.githubusercontent.com/media/harrietwong/pinterest-videos/refs/heads/main/cedarglow%E2%84%A2-premium-thick-christmas-garlan%20(6).mp4","https://media.githubusercontent.com/media/harrietwong/pinterest-videos/refs/heads/main/cedarglow%E2%84%A2-premium-thick-christmas-garlan%20(6)-cover.png"
"cedarglow™-premium-thick-christmas-garlan (7)","https://media.githubusercontent.com/media/harrietwong/pinterest-videos/refs/heads/main/cedarglow%E2%84%A2-premium-thick-christmas-garlan%20(7).mp4","https://media.githubusercontent.com/media/harrietwong/pinterest-videos/refs/heads/main/cedarglow%E2%84%A2-premium-thick-christmas-garlan%20(7)-cover.png"
"cedarglow™-premium-thick-christmas-garlan (8)","https://media.githubusercontent.com/media/harrietwong/pinterest-videos/refs/heads/main/cedarglow%E2%84%A2-premium-thick-christmas-garlan%20(8).mp4","https://media.githubusercontent.com/media/harrietwong/pinterest-videos/refs/heads/main/cedarglow%E2%84%A2-premium-thick-christmas-garlan%20(8)-cover.png"
"cedarglow™-premium-thick-christmas-garlan ","https://media.githubusercontent.com/media/harrietwong/pinterest-videos/refs/heads/main/cedarglow%E2%84%A2-premium-thick-christmas-garlan%20.mp4",""
"clean-master-foam™ (1)","https://media.githubusercontent.com/media/harrietwong/pinterest-videos/refs/heads/main/clean-master-foam%E2%84%A2%20(1).mp4","https://media.githubusercontent.com/media/harrietwong/pinterest-videos/refs/heads/main/clean-master-foam%E2%84%A2%20(1)-cover.png"
"clean-master-foam™ (10)","https://media.githubusercontent.com/media/harrietwong/pinterest-videos/refs/heads/main/clean-master-foam%E2%84%A2%20(10).mp4","https://media.githubusercontent.com/media/harrietwong/pinterest-videos/refs/heads/main/clean-master-foam%E2%84%A2%20(10)-cover.png"
"clean-master-foam™ (2)","https://media.githubusercontent.com/media/harrietwong/pinterest-videos/refs/heads/main/clean-master-foam%E2%84%A2%20(2).mp4","https://media.githubusercontent.com/media/harrietwong/pinterest-videos/refs/heads/main/clean-master-foam%E2%84%A2%20(2)-cover.png"
"clean-master-foam™ (3)","https://media.githubusercontent.com/media/harrietwong/pinterest-videos/refs/heads/main/clean-master-foam%E2%84%A2%20(3).mp4","https://media.githubusercontent.com/media/harrietwong/pinterest-videos/refs/heads/main/clean-master-foam%E2%84%A2%20(3)-cover.png"
"clean-master-foam™ (4)","https://media.githubusercontent.com/media/harrietwong/pinterest-videos/refs/heads/main/clean-master-foam%E2%84%A2%20(4).mp4","https://media.githubusercontent.com/media/harrietwong/pinterest-videos/refs/heads/main/clean-master-foam%E2%84%A2%20(4)-cover.png"
"clean-master-foam™ (5)","https://media.githubusercontent.com/media/harrietwong/pinterest-videos/refs/heads/main/clean-master-foam%E2%84%A2%20(5).mp4","https://media.githubusercontent.com/media/harrietwong/pinterest-videos/refs/heads/main/clean-master-foam%E2%84%A2%20(5)-cover.png"
"clean-master-foam™ (6)","https://media.githubusercontent.com/media/harrietwong/pinterest-videos/refs/heads/main/clean-master-foam%E2%84%A2%20(6).mp4","https://media.githubusercontent.com/media/harrietwong/pinterest-videos/refs/heads/main/clean-master-foam%E2%84%A2%20(6)-cover.png"
"clean-master-foam™ (7)","https://media.githubusercontent.com/media/harrietwong/pinterest-videos/refs/heads/main/clean-master-foam%E2%84%A2%20(7).mp4","https://media.githubusercontent.com/media/harrietwong/pinterest-videos/refs/heads/main/clean-master-foam%E2%84%A2%20(7)-cover.png"
"clean-master-foam™ (8)","https://media.githubusercontent.com/media/harrietwong/pinterest-videos/refs/heads/main/clean-master-foam%E2%84%A2%20(8).mp4","https://media.githubusercontent.com/media/harrietwong/pinterest-videos/refs/heads/main/clean-master-foam%E2%84%A2%20(8)-cover.png"
"clean-master-foam™ (9)","https://media.githubusercontent.com/media/harrietwong/pinterest-videos/refs/heads/main/clean-master-foam%E2%84%A2%20(9).mp4","https://media.githubusercontent.com/media/harrietwong/pinterest-videos/refs/heads/main/clean-master-foam%E2%84%A2%20(9)-cover.png"
"clearskin-exfoliating-gel-radiant-skin-in-1- (1)","https://media.githubusercontent.com/media/harrietwong/pinterest-videos/refs/heads/main/clearskin-exfoliating-gel-radiant-skin-in-1-%20(1).mp4","https://media.githubusercontent.com/media/harrietwong/pinterest-videos/refs/heads/main/clearskin-exfoliating-gel-radiant-skin-in-1-%20(1)-cover.png"
"clearskin-exfoliating-gel-radiant-skin-in-1- (2)","https://media.githubusercontent.com/media/harrietwong/pinterest-videos/refs/heads/main/clearskin-exfoliating-gel-radiant-skin-in-1-%20(2).mp4","https://media.githubusercontent.com/media/harrietwong/pinterest-videos/refs/heads/main/clearskin-exfoliating-gel-radiant-skin-in-1-%20(2)-cover.png"
"clearskin-exfoliating-gel-radiant-skin-in-1- (3)","https://media.githubusercontent.com/media/harrietwong/pinterest-videos/refs/heads/main/clearskin-exfoliating-gel-radiant-skin-in-1-%20(3).mp4","https://media.githubusercontent.com/media/harrietwong/pinterest-videos/refs/heads/main/clearskin-exfoliating-gel-radiant-skin-in-1-%20(3)-cover.png"
"clearskin-exfoliating-gel-radiant-skin-in-1- (4)","https://media.githubusercontent.com/media/harrietwong/pinterest-videos/refs/heads/main/clearskin-exfoliating-gel-radiant-skin-in-1-%20(4).mp4","https://media.githubusercontent.com/media/harrietwong/pinterest-videos/refs/heads/main/clearskin-exfoliating-gel-radiant-skin-in-1-%20(4)-cover.png"
"clearskin-exfoliating-gel-radiant-skin-in-1- (5)","https://media.githubusercontent.com/media/harrietwong/pinterest-videos/refs/heads/main/clearskin-exfoliating-gel-radiant-skin-in-1-%20(5).mp4","https://media.githubusercontent.com/media/harrietwong/pinterest-videos/refs/heads/main/clearskin-exfoliating-gel-radiant-skin-in-1-%20(5)-cover.png"
"clearskin-exfoliating-gel-radiant-skin-in-1- (6)","https://media.githubusercontent.com/media/harrietwong/pinterest-videos/refs/heads/main/clearskin-exfoliating-gel-radiant-skin-in-1-%20(6).mp4","https://media.githubusercontent.com/media/harrietwong/pinterest-videos/refs/heads/main/clearskin-exfoliating-gel-radiant-skin-in-1-%20(6)-cover.png"
"cozystride™-mid-calf-socks (1)","https://media.githubusercontent.com/media/harrietwong/pinterest-videos/refs/heads/main/cozystride%E2%84%A2-mid-calf-socks%20(1).mp4","https://media.githubusercontent.com/media/harrietwong/pinterest-videos/refs/heads/main/cozystride%E2%84%A2-mid-calf-socks%20(1)-cover.png"
"cozystride™-mid-calf-socks (2)","https://media.githubusercontent.com/media/harrietwong/pinterest-videos/refs/heads/main/cozystride%E2%84%A2-mid-calf-socks%20(2).mp4","https://media.githubusercontent.com/media/harrietwong/pinterest-videos/refs/heads/main/cozystride%E2%84%A2-mid-calf-socks%20(2)-cover.png"
"cozystride™-mid-calf-socks (3)","https://media.githubusercontent.com/media/harrietwong/pinterest-videos/refs/heads/main/cozystride%E2%84%A2-mid-calf-socks%20(3).mp4","https://media.githubusercontent.com/media/harrietwong/pinterest-videos/refs/heads/main/cozystride%E2%84%A2-mid-calf-socks%20(3)-cover.png"
"cozystride™-mid-calf-socks (4)","https://media.githubusercontent.com/media/harrietwong/pinterest-videos/refs/heads/main/cozystride%E2%84%A2-mid-calf-socks%20(4).mp4","https://media.githubusercontent.com/media/harrietwong/pinterest-videos/refs/heads/main/cozystride%E2%84%A2-mid-calf-socks%20(4)-cover.png"
"cozystride™-mid-calf-socks (5)","https://media.githubusercontent.com/media/harrietwong/pinterest-videos/refs/heads/main/cozystride%E2%84%A2-mid-calf-socks%20(5).mp4","https://media.githubusercontent.com/media/harrietwong/pinterest-videos/refs/heads/main/cozystride%E2%84%A2-mid-calf-socks%20(5)-cover.png"
"cozystride™-mid-calf-socks (6)","https://media.githubusercontent.com/media/harrietwong/pinterest-videos/refs/heads/main/cozystride%E2%84%A2-mid-calf-socks%20(6).mp4","https://media.githubusercontent.com/media/harrietwong/pinterest-videos/refs/heads/main/cozystride%E2%84%A2-mid-calf-socks%20(6)-cover.png"
"cozystride™-mid-calf-socks (7)","https://media.githubusercontent.com/media/harrietwong/pinterest-videos/refs/heads/main/cozystride%E2%84%A2-mid-calf-socks%20(7).mp4","https://media.githubusercontent.com/media/harrietwong/pinterest-videos/refs/heads/main/cozystride%E2%84%A2-mid-calf-socks%20(7)-cover.png"
"cozystride™-mid-calf-socks (8)","https://media.githubusercontent.com/media/harrietwong/pinterest-videos/refs/heads/main/cozystride%E2%84%A2-mid-calf-socks%20(8).mp4","https://media.githubusercontent.com/media/harrietwong/pinterest-videos/refs/heads/main/cozystride%E2%84%A2-mid-calf-socks%20(8)-cover.png"
"cozystride™-mid-calf-socks (9)","https://media.githubusercontent.com/media/harrietwong/pinterest-videos/refs/heads/main/cozystride%E2%84%A2-mid-calf-socks%20(9).mp4","https://media.githubusercontent.com/media/harrietwong/pinterest-videos/refs/heads/main/cozystride%E2%84%A2-mid-calf-socks%20(9)-cover.png"
"deep-purifying-peel-off-mask  (1)","https://media.githubusercontent.com/media/harrietwong/pinterest-videos/refs/heads/main/deep-purifying-peel-off-mask%20%20(1).mp4","https://media.githubusercontent.com/media/harrietwong/pinterest-videos/refs/heads/main/deep-purifying-peel-off-mask%20%20(1)-cover.png"
"deep-purifying-peel-off-mask  (2)","https://media.githubusercontent.com/media/harrietwong/pinterest-videos/refs/heads/main/deep-purifying-peel-off-mask%20%20(2).mp4","https://media.githubusercontent.com/media/harrietwong/pinterest-videos/refs/heads/main/deep-purifying-peel-off-mask%20%20(2)-cover.png"
"deep-purifying-peel-off-mask  (3)","https://media.githubusercontent.com/media/harrietwong/pinterest-videos/refs/heads/main/deep-purifying-peel-off-mask%20%20(3).mp4","https://media.githubusercontent.com/media/harrietwong/pinterest-videos/refs/heads/main/deep-purifying-peel-off-mask%20%20(3)-cover.png"
"deep-purifying-peel-off-mask  (4)","https://media.githubusercontent.com/media/harrietwong/pinterest-videos/refs/heads/main/deep-purifying-peel-off-mask%20%20(4).mp4","https://media.githubusercontent.com/media/harrietwong/pinterest-videos/refs/heads/main/deep-purifying-peel-off-mask%20%20(4)-cover.png"
"deep-purifying-peel-off-mask  (5)","https://media.githubusercontent.com/media/harrietwong/pinterest-videos/refs/heads/main/deep-purifying-peel-off-mask%20%20(5).mp4","https://media.githubusercontent.com/media/harrietwong/pinterest-videos/refs/heads/main/deep-purifying-peel-off-mask%20%20(5)-cover.png"
"deep-purifying-peel-off-mask  (6)","https://media.githubusercontent.com/media/harrietwong/pinterest-videos/refs/heads/main/deep-purifying-peel-off-mask%20%20(6).mp4","https://media.githubusercontent.com/media/harrietwong/pinterest-videos/refs/heads/main/deep-purifying-peel-off-mask%20%20(6)-cover.png"
"deep-purifying-peel-off-mask  (7)","https://media.githubusercontent.com/media/harrietwong/pinterest-videos/refs/heads/main/deep-purifying-peel-off-mask%20%20(7).mp4","https://media.githubusercontent.com/media/harrietwong/pinterest-videos/refs/heads/main/deep-purifying-peel-off-mask%20%20(7)-cover.png"
"deep-purifying-peel-off-mask  (8)","https://media.githubusercontent.com/media/harrietwong/pinterest-videos/refs/heads/main/deep-purifying-peel-off-mask%20%20(8).mp4","https://media.githubusercontent.com/media/harrietwong/pinterest-videos/refs/heads/main/deep-purifying-peel-off-mask%20%20(8)-cover.png"
"deep-purifying-peel-off-mask  (9)","https://media.githubusercontent.com/media/harrietwong/pinterest-videos/refs/heads/main/deep-purifying-peel-off-mask%20%20(9).mp4","https://media.githubusercontent.com/media/harrietwong/pinterest-videos/refs/heads/main/deep-purifying-peel-off-mask%20%20(9)-cover.png"
"heatless-hair-curling-cups  (1)","https://media.githubusercontent.com/media/harrietwong/pinterest-videos/refs/heads/main/heatless-hair-curling-cups%20%20(1).mp4","https://media.githubusercontent.com/media/harrietwong/pinterest-videos/refs/heads/main/heatless-hair-curling-cups%20%20(1)-cover.png"
"heatless-hair-curling-cups  (2)","https://media.githubusercontent.com/media/harrietwong/pinterest-videos/refs/heads/main/heatless-hair-curling-cups%20%20(2).mp4","https://media.githubusercontent.com/media/harrietwong/pinterest-videos/refs/heads/main/heatless-hair-curling-cups%20%20(2)-cover.png"
"heatless-hair-curling-cups (4)","https://media.githubusercontent.com/media/harrietwong/pinterest-videos/refs/heads/main/heatless-hair-curling-cups%20(4).mp4","https://media.githubusercontent.com/media/harrietwong/pinterest-videos/refs/heads/main/heatless-hair-curling-cups%20(4)-cover.png"
"heatless-hair-curling-cups ","https://media.githubusercontent.com/media/harrietwong/pinterest-videos/refs/heads/main/heatless-hair-curling-cups%20.mp4",""
"kiyagi-crystal-lantern-create-the-perfect-atmosphere  (1)","https://media.githubusercontent.com/media/harrietwong/pinterest-videos/refs/heads/main/kiyagi-crystal-lantern-create-the-perfect-atmosphere%20%20(1).mp4","https://media.githubusercontent.com/media/harrietwong/pinterest-videos/refs/heads/main/kiyagi-crystal-lantern-create-the-perfect-atmosphere%20%20(1)-cover.png"
"kiyagi-crystal-lantern-create-the-perfect-atmosphere  (2)","https://media.githubusercontent.com/media/harrietwong/pinterest-videos/refs/heads/main/kiyagi-crystal-lantern-create-the-perfect-atmosphere%20%20(2).mp4","https://media.githubusercontent.com/media/harrietwong/pinterest-videos/refs/heads/main/kiyagi-crystal-lantern-create-the-perfect-atmosphere%20%20(2)-cover.png"
"kiyagi-crystal-lantern-create-the-perfect-atmosphere  (3)","https://media.githubusercontent.com/media/harrietwong/pinterest-videos/refs/heads/main/kiyagi-crystal-lantern-create-the-perfect-atmosphere%20%20(3).mp4","https://media.githubusercontent.com/media/harrietwong/pinterest-videos/refs/heads/main/kiyagi-crystal-lantern-create-the-perfect-atmosphere%20%20(3)-cover.png"
"large-pants-instantly-flatters-your-figure (1)","https://media.githubusercontent.com/media/harrietwong/pinterest-videos/refs/heads/main/large-pants-instantly-flatters-your-figure%20(1).mp4","https://media.githubusercontent.com/media/harrietwong/pinterest-videos/refs/heads/main/large-pants-instantly-flatters-your-figure%20(1)-cover.png"
"large-pants-instantly-flatters-your-figure (2)","https://media.githubusercontent.com/media/harrietwong/pinterest-videos/refs/heads/main/large-pants-instantly-flatters-your-figure%20(2).mp4","https://media.githubusercontent.com/media/harrietwong/pinterest-videos/refs/heads/main/large-pants-instantly-flatters-your-figure%20(2)-cover.png"
"large-pants-instantly-flatters-your-figure (3)","https://media.githubusercontent.com/media/harrietwong/pinterest-videos/refs/heads/main/large-pants-instantly-flatters-your-figure%20(3).mp4","https://media.githubusercontent.com/media/harrietwong/pinterest-videos/refs/heads/main/large-pants-instantly-flatters-your-figure%20(3)-cover.png"
"large-pants-instantly-flatters-your-figure (4)","https://media.githubusercontent.com/media/harrietwong/pinterest-videos/refs/heads/main/large-pants-instantly-flatters-your-figure%20(4).mp4","https://media.githubusercontent.com/media/harrietwong/pinterest-videos/refs/heads/main/large-pants-instantly-flatters-your-figure%20(4)-cover.png"
"lumelash™-instant-lift-endless (1)","https://media.githubusercontent.com/media/harrietwong/pinterest-videos/refs/heads/main/lumelash%E2%84%A2-instant-lift-endless%20(1).mp4","https://media.githubusercontent.com/media/harrietwong/pinterest-videos/refs/heads/main/lumelash%E2%84%A2-instant-lift-endless%20(1)-cover.png"
"lumelash™-instant-lift-endless (10)","https://media.githubusercontent.com/media/harrietwong/pinterest-videos/refs/heads/main/lumelash%E2%84%A2-instant-lift-endless%20(10).mp4","https://media.githubusercontent.com/media/harrietwong/pinterest-videos/refs/heads/main/lumelash%E2%84%A2-instant-lift-endless%20(10)-cover.png"
"lumelash™-instant-lift-endless (2)","https://media.githubusercontent.com/media/harrietwong/pinterest-videos/refs/heads/main/lumelash%E2%84%A2-instant-lift-endless%20(2).mp4","https://media.githubusercontent.com/media/harrietwong/pinterest-videos/refs/heads/main/lumelash%E2%84%A2-instant-lift-endless%20(2)-cover.png"
"lumelash™-instant-lift-endless (3)","https://media.githubusercontent.com/media/harrietwong/pinterest-videos/refs/heads/main/lumelash%E2%84%A2-instant-lift-endless%20(3).mp4","https://media.githubusercontent.com/media/harrietwong/pinterest-videos/refs/heads/main/lumelash%E2%84%A2-instant-lift-endless%20(3)-cover.png"
"lumelash™-instant-lift-endless (4)","https://media.githubusercontent.com/media/harrietwong/pinterest-videos/refs/heads/main/lumelash%E2%84%A2-instant-lift-endless%20(4).mp4","https://media.githubusercontent.com/media/harrietwong/pinterest-videos/refs/heads/main/lumelash%E2%84%A2-instant-lift-endless%20(4)-cover.png"
"lumelash™-instant-lift-endless (5)","https://media.githubusercontent.com/media/harrietwong/pinterest-videos/refs/heads/main/lumelash%E2%84%A2-instant-lift-endless%20(5).mp4","https://media.githubusercontent.com/media/harrietwong/pinterest-videos/refs/heads/main/lumelash%E2%84%A2-instant-lift-endless%20(5)-cover.png"
"lumelash™-instant-lift-endless (6)","https://media.githubusercontent.com/media/harrietwong/pinterest-videos/refs/heads/main/lumelash%E2%84%A2-instant-lift-endless%20(6).mp4","https://media.githubusercontent.com/media/harrietwong/pinterest-videos/refs/heads/main/lumelash%E2%84%A2-instant-lift-endless%20(6)-cover.png"
"lumelash™-instant-lift-endless (7)","https://media.githubusercontent.com/media/harrietwong/pinterest-videos/refs/heads/main/lumelash%E2%84%A2-instant-lift-endless%20(7).mp4","https://media.githubusercontent.com/media/harrietwong/pinterest-videos/refs/heads/main/lumelash%E2%84%A2-instant-lift-endless%20(7)-cover.png"
"lumelash™-instant-lift-endless (8)","https://media.githubusercontent.com/media/harrietwong/pinterest-videos/refs/heads/main/lumelash%E2%84%A2-instant-lift-endless%20(8).mp4","https://media.githubusercontent.com/media/harrietwong/pinterest-videos/refs/heads/main/lumelash%E2%84%A2-instant-lift-endless%20(8)-cover.png"
"lumelash™-instant-lift-endless (9)","https://media.githubusercontent.com/media/harrietwong/pinterest-videos/refs/heads/main/lumelash%E2%84%A2-instant-lift-endless%20(9).mp4","https://media.githubusercontent.com/media/harrietwong/pinterest-videos/refs/heads/main/lumelash%E2%84%A2-instant-lift-endless%20(9)-cover.png"
"lunarshine (1)","https://media.githubusercontent.com/media/harrietwong/pinterest-videos/refs/heads/main/lunarshine%20(1).mp4","https://media.githubusercontent.com/media/harrietwong/pinterest-videos/refs/heads/main/lunarshine%20(1)-cover.png"
"lunarshine (2)","https://media.githubusercontent.com/media/harrietwong/pinterest-videos/refs/heads/main/lunarshine%20(2).mp4","https://media.githubusercontent.com/media/harrietwong/pinterest-videos/refs/heads/main/lunarshine%20(2)-cover.png"
"lunarshine (3)","https://media.githubusercontent.com/media/harrietwong/pinterest-videos/refs/heads/main/lunarshine%20(3).mp4","https://media.githubusercontent.com/media/harrietwong/pinterest-videos/refs/heads/main/lunarshine%20(3)-cover.png"
"lunarshine (4)","https://media.githubusercontent.com/media/harrietwong/pinterest-videos/refs/heads/main/lunarshine%20(4).mp4","https://media.githubusercontent.com/media/harrietwong/pinterest-videos/refs/heads/main/lunarshine%20(4)-cover.png"
"lunarshine (5)","https://media.githubusercontent.com/media/harrietwong/pinterest-videos/refs/heads/main/lunarshine%20(5).mp4","https://media.githubusercontent.com/media/harrietwong/pinterest-videos/refs/heads/main/lunarshine%20(5)-cover.png"
"lunarshine (6)","https://media.githubusercontent.com/media/harrietwong/pinterest-videos/refs/heads/main/lunarshine%20(6).mp4","https://media.githubusercontent.com/media/harrietwong/pinterest-videos/refs/heads/main/lunarshine%20(6)-cover.png"
"lunarshine (7)","https://media.githubusercontent.com/media/harrietwong/pinterest-videos/refs/heads/main/lunarshine%20(7).mp4","https://media.githubusercontent.com/media/harrietwong/pinterest-videos/refs/heads/main/lunarshine%20(7)-cover.png"
"luxe-khaki-oversized-sued (1)","https://media.githubusercontent.com/media/harrietwong/pinterest-videos/refs/heads/main/luxe-khaki-oversized-sued%20(1).mp4","https://media.githubusercontent.com/media/harrietwong/pinterest-videos/refs/heads/main/luxe-khaki-oversized-sued%20(1)-cover.png"
"luxe-khaki-oversized-sued (2)","https://media.githubusercontent.com/media/harrietwong/pinterest-videos/refs/heads/main/luxe-khaki-oversized-sued%20(2).mp4","https://media.githubusercontent.com/media/harrietwong/pinterest-videos/refs/heads/main/luxe-khaki-oversized-sued%20(2)-cover.png"
"luxe-khaki-oversized-sued (3)","https://media.githubusercontent.com/media/harrietwong/pinterest-videos/refs/heads/main/luxe-khaki-oversized-sued%20(3).mp4","https://media.githubusercontent.com/media/harrietwong/pinterest-videos/refs/heads/main/luxe-khaki-oversized-sued%20(3)-cover.png"
"luxe-khaki-oversized-sued (4)","https://media.githubusercontent.com/media/harrietwong/pinterest-videos/refs/heads/main/luxe-khaki-oversized-sued%20(4).mp4","https://media.githubusercontent.com/media/harrietwong/pinterest-videos/refs/heads/main/luxe-khaki-oversized-sued%20(4)-cover.png"
"luxe-khaki-oversized-sued (5)","https://media.githubusercontent.com/media/harrietwong/pinterest-videos/refs/heads/main/luxe-khaki-oversized-sued%20(5).mp4","https://media.githubusercontent.com/media/harrietwong/pinterest-videos/refs/heads/main/luxe-khaki-oversized-sued%20(5)-cover.png"
"Memory Frame - Kids Drawing Frame (1)","https://media.githubusercontent.com/media/harrietwong/pinterest-videos/refs/heads/main/Memory%20Frame%20-%20Kids%20Drawing%20Frame%20(1).mp4","https://media.githubusercontent.com/media/harrietwong/pinterest-videos/refs/heads/main/Memory%20Frame%20-%20Kids%20Drawing%20Frame%20(1).png"
"Memory Frame - Kids Drawing Frame (2)","https://media.githubusercontent.com/media/harrietwong/pinterest-videos/refs/heads/main/Memory%20Frame%20-%20Kids%20Drawing%20Frame%20(2).mp4","https://media.githubusercontent.com/media/harrietwong/pinterest-videos/refs/heads/main/Memory%20Frame%20-%20Kids%20Drawing%20Frame%20(2).png"
"Memory Frame - Kids Drawing Frame (3)","https://media.githubusercontent.com/media/harrietwong/pinterest-videos/refs/heads/main/Memory%20Frame%20-%20Kids%20Drawing%20Frame%20(3).mp4","https://media.githubusercontent.com/media/harrietwong/pinterest-videos/refs/heads/main/Memory%20Frame%20-%20Kids%20Drawing%20Frame%20(3).png"
"Memory Frame - Kids Drawing Frame (4)","https://media.githubusercontent.com/media/harrietwong/pinterest-videos/refs/heads/main/Memory%20Frame%20-%20Kids%20Drawing%20Frame%20(4).mp4","https://media.githubusercontent.com/media/harrietwong/pinterest-videos/refs/heads/main/Memory%20Frame%20-%20Kids%20Drawing%20Frame%20(4).png"
"nectare-anti-aging-serum- (1)","https://media.githubusercontent.com/media/harrietwong/pinterest-videos/refs/heads/main/nectare-anti-aging-serum-%20(1).mp4","https://media.githubusercontent.com/media/harrietwong/pinterest-videos/refs/heads/main/nectare-anti-aging-serum-%20(1)-cover.png"
"nectare-anti-aging-serum- (10)","https://media.githubusercontent.com/media/harrietwong/pinterest-videos/refs/heads/main/nectare-anti-aging-serum-%20(10).mp4","https://media.githubusercontent.com/media/harrietwong/pinterest-videos/refs/heads/main/nectare-anti-aging-serum-%20(10)-cover.png"
"nectare-anti-aging-serum- (11)","https://media.githubusercontent.com/media/harrietwong/pinterest-videos/refs/heads/main/nectare-anti-aging-serum-%20(11).mp4","https://media.githubusercontent.com/media/harrietwong/pinterest-videos/refs/heads/main/nectare-anti-aging-serum-%20(11)-cover.png"
"nectare-anti-aging-serum- (12)","https://media.githubusercontent.com/media/harrietwong/pinterest-videos/refs/heads/main/nectare-anti-aging-serum-%20(12).mp4","https://media.githubusercontent.com/media/harrietwong/pinterest-videos/refs/heads/main/nectare-anti-aging-serum-%20(12)-cover.png"
"nectare-anti-aging-serum- (13)","https://media.githubusercontent.com/media/harrietwong/pinterest-videos/refs/heads/main/nectare-anti-aging-serum-%20(13).mp4","https://media.githubusercontent.com/media/harrietwong/pinterest-videos/refs/heads/main/nectare-anti-aging-serum-%20(13)-cover.png"
"nectare-anti-aging-serum- (2)","https://media.githubusercontent.com/media/harrietwong/pinterest-videos/refs/heads/main/nectare-anti-aging-serum-%20(2).mp4","https://media.githubusercontent.com/media/harrietwong/pinterest-videos/refs/heads/main/nectare-anti-aging-serum-%20(2)-cover.png"
"nectare-anti-aging-serum- (3)","https://media.githubusercontent.com/media/harrietwong/pinterest-videos/refs/heads/main/nectare-anti-aging-serum-%20(3).mp4","https://media.githubusercontent.com/media/harrietwong/pinterest-videos/refs/heads/main/nectare-anti-aging-serum-%20(3)-cover.png"
"nectare-anti-aging-serum- (4)","https://media.githubusercontent.com/media/harrietwong/pinterest-videos/refs/heads/main/nectare-anti-aging-serum-%20(4).mp4","https://media.githubusercontent.com/media/harrietwong/pinterest-videos/refs/heads/main/nectare-anti-aging-serum-%20(4)-cover.png"
"nectare-anti-aging-serum- (5)","https://media.githubusercontent.com/media/harrietwong/pinterest-videos/refs/heads/main/nectare-anti-aging-serum-%20(5).mp4","https://media.githubusercontent.com/media/harrietwong/pinterest-videos/refs/heads/main/nectare-anti-aging-serum-%20(5)-cover.png"
"nectare-anti-aging-serum- (6)","https://media.githubusercontent.com/media/harrietwong/pinterest-videos/refs/heads/main/nectare-anti-aging-serum-%20(6).mp4","https://media.githubusercontent.com/media/harrietwong/pinterest-videos/refs/heads/main/nectare-anti-aging-serum-%20(6)-cover.png"
"nectare-anti-aging-serum- (7)","https://media.githubusercontent.com/media/harrietwong/pinterest-videos/refs/heads/main/nectare-anti-aging-serum-%20(7).mp4","https://media.githubusercontent.com/media/harrietwong/pinterest-videos/refs/heads/main/nectare-anti-aging-serum-%20(7)-cover.png"
"nectare-anti-aging-serum- (8)","https://media.githubusercontent.com/media/harrietwong/pinterest-videos/refs/heads/main/nectare-anti-aging-serum-%20(8).mp4","https://media.githubusercontent.com/media/harrietwong/pinterest-videos/refs/heads/main/nectare-anti-aging-serum-%20(8)-cover.png"
"nectare-anti-aging-serum- (9)","https://media.githubusercontent.com/media/harrietwong/pinterest-videos/refs/heads/main/nectare-anti-aging-serum-%20(9).mp4","https://media.githubusercontent.com/media/harrietwong/pinterest-videos/refs/heads/main/nectare-anti-aging-serum-%20(9)-cover.png"
"silviere™-hair-straightening-smoothing-cream   (1)","https://media.githubusercontent.com/media/harrietwong/pinterest-videos/refs/heads/main/silviere%E2%84%A2-hair-straightening-smoothing-cream%20%20%20(1).mp4","https://media.githubusercontent.com/media/harrietwong/pinterest-videos/refs/heads/main/silviere%E2%84%A2-hair-straightening-smoothing-cream%20%20%20(1)-cover.png"
"silviere™-hair-straightening-smoothing-cream   (2)","https://media.githubusercontent.com/media/harrietwong/pinterest-videos/refs/heads/main/silviere%E2%84%A2-hair-straightening-smoothing-cream%20%20%20(2).mp4","https://media.githubusercontent.com/media/harrietwong/pinterest-videos/refs/heads/main/silviere%E2%84%A2-hair-straightening-smoothing-cream%20%20%20(2)-cover.png"
"silviere™-hair-straightening-smoothing-cream  (1)","https://media.githubusercontent.com/media/harrietwong/pinterest-videos/refs/heads/main/silviere%E2%84%A2-hair-straightening-smoothing-cream%20%20(1).mp4","https://media.githubusercontent.com/media/harrietwong/pinterest-videos/refs/heads/main/silviere%E2%84%A2-hair-straightening-smoothing-cream%20%20(1)-cover.png"
"silviere™-hair-straightening-smoothing-cream  (2)","https://media.githubusercontent.com/media/harrietwong/pinterest-videos/refs/heads/main/silviere%E2%84%A2-hair-straightening-smoothing-cream%20%20(2).mp4","https://media.githubusercontent.com/media/harrietwong/pinterest-videos/refs/heads/main/silviere%E2%84%A2-hair-straightening-smoothing-cream%20%20(2)-cover.png"
"silviere™-hair-straightening-smoothing-cream  (3)","https://media.githubusercontent.com/media/harrietwong/pinterest-videos/refs/heads/main/silviere%E2%84%A2-hair-straightening-smoothing-cream%20%20(3).mp4","https://media.githubusercontent.com/media/harrietwong/pinterest-videos/refs/heads/main/silviere%E2%84%A2-hair-straightening-smoothing-cream%20%20(3)-cover.png"
"silviere™-hair-straightening-smoothing-cream  (4)","https://media.githubusercontent.com/media/harrietwong/pinterest-videos/refs/heads/main/silviere%E2%84%A2-hair-straightening-smoothing-cream%20%20(4).mp4","https://media.githubusercontent.com/media/harrietwong/pinterest-videos/refs/heads/main/silviere%E2%84%A2-hair-straightening-smoothing-cream%20%20(4)-cover.png"
"silviere™-hair-straightening-smoothing-cream  (5)","https://media.githubusercontent.com/media/harrietwong/pinterest-videos/refs/heads/main/silviere%E2%84%A2-hair-straightening-smoothing-cream%20%20(5).mp4","https://media.githubusercontent.com/media/harrietwong/pinterest-videos/refs/heads/main/silviere%E2%84%A2-hair-straightening-smoothing-cream%20%20(5)-cover.png"
"silviere™-hair-straightening-smoothing-cream  (6)","https://media.githubusercontent.com/media/harrietwong/pinterest-videos/refs/heads/main/silviere%E2%84%A2-hair-straightening-smoothing-cream%20%20(6).mp4","https://media.githubusercontent.com/media/harrietwong/pinterest-videos/refs/heads/main/silviere%E2%84%A2-hair-straightening-smoothing-cream%20%20(6)-cover.png"
"silviere™-hair-straightening-smoothing-cream  (7)","https://media.githubusercontent.com/media/harrietwong/pinterest-videos/refs/heads/main/silviere%E2%84%A2-hair-straightening-smoothing-cream%20%20(7).mp4","https://media.githubusercontent.com/media/harrietwong/pinterest-videos/refs/heads/main/silviere%E2%84%A2-hair-straightening-smoothing-cream%20%20(7)-cover.png"
"teeth-whitening-pen (1)","https://media.githubusercontent.com/media/harrietwong/pinterest-videos/refs/heads/main/teeth-whitening-pen%20(1).mp4","https://media.githubusercontent.com/media/harrietwong/pinterest-videos/refs/heads/main/teeth-whitening-pen%20(1)-cover.png"
"teeth-whitening-pen (2)","https://media.githubusercontent.com/media/harrietwong/pinterest-videos/refs/heads/main/teeth-whitening-pen%20(2).mp4","https://media.githubusercontent.com/media/harrietwong/pinterest-videos/refs/heads/main/teeth-whitening-pen%20(2)-cover.png"
"teeth-whitening-pen (3)","https://media.githubusercontent.com/media/harrietwong/pinterest-videos/refs/heads/main/teeth-whitening-pen%20(3).mp4","https://media.githubusercontent.com/media/harrietwong/pinterest-videos/refs/heads/main/teeth-whitening-pen%20(3)-cover.png"
"teeth-whitening-pen (4)","https://media.githubusercontent.com/media/harrietwong/pinterest-videos/refs/heads/main/teeth-whitening-pen%20(4).mp4","https://media.githubusercontent.com/media/harrietwong/pinterest-videos/refs/heads/main/teeth-whitening-pen%20(4)-cover.png"
"teeth-whitening-pen (5)","https://media.githubusercontent.com/media/harrietwong/pinterest-videos/refs/heads/main/teeth-whitening-pen%20(5).mp4","https://media.githubusercontent.com/media/harrietwong/pinterest-videos/refs/heads/main/teeth-whitening-pen%20(5)-cover.png"
"teeth-whitening-pen (6)","https://media.githubusercontent.com/media/harrietwong/pinterest-videos/refs/heads/main/teeth-whitening-pen%20(6).mp4","https://media.githubusercontent.com/media/harrietwong/pinterest-videos/refs/heads/main/teeth-whitening-pen%20(6)-cover.png"
"teeth-whitening-pen (7)","https://media.githubusercontent.com/media/harrietwong/pinterest-videos/refs/heads/main/teeth-whitening-pen%20(7).mp4","https://media.githubusercontent.com/media/harrietwong/pinterest-videos/refs/heads/main/teeth-whitening-pen%20(7)-cover.png"
"teeth-whitening-pen (8)","https://media.githubusercontent.com/media/harrietwong/pinterest-videos/refs/heads/main/teeth-whitening-pen%20(8).mp4","https://media.githubusercontent.com/media/harrietwong/pinterest-videos/refs/heads/main/teeth-whitening-pen%20(8)-cover.png"
"teeth-whitening-pen (9)","https://media.githubusercontent.com/media/harrietwong/pinterest-videos/refs/heads/main/teeth-whitening-pen%20(9).mp4","https://media.githubusercontent.com/media/harrietwong/pinterest-videos/refs/heads/main/teeth-whitening-pen%20(9)-cover.png"
"the-illusion-strapless-top-where-sexy-meets-effortless (2)","https://media.githubusercontent.com/media/harrietwong/pinterest-videos/refs/heads/main/the-illusion-strapless-top-where-sexy-meets-effortless%20(2).mp4","https://media.githubusercontent.com/media/harrietwong/pinterest-videos/refs/heads/main/the-illusion-strapless-top-where-sexy-meets-effortless%20(2)-cover.png"
"the-illusion-strapless-top-where-sexy-meets-effortless (3)","https://media.githubusercontent.com/media/harrietwong/pinterest-videos/refs/heads/main/the-illusion-strapless-top-where-sexy-meets-effortless%20(3).mp4","https://media.githubusercontent.com/media/harrietwong/pinterest-videos/refs/heads/main/the-illusion-strapless-top-where-sexy-meets-effortless%20(3)-cover.png"
"the-illusion-strapless-top-where-sexy-meets-effortless (4)","https://media.githubusercontent.com/media/harrietwong/pinterest-videos/refs/heads/main/the-illusion-strapless-top-where-sexy-meets-effortless%20(4).mp4","https://media.githubusercontent.com/media/harrietwong/pinterest-videos/refs/heads/main/the-illusion-strapless-top-where-sexy-meets-effortless%20(4)-cover.png"
"the-illusion-strapless-top-where-sexy-meets-effortless (5)","https://media.githubusercontent.com/media/harrietwong/pinterest-videos/refs/heads/main/the-illusion-strapless-top-where-sexy-meets-effortless%20(5).mp4","https://media.githubusercontent.com/media/harrietwong/pinterest-videos/refs/heads/main/the-illusion-strapless-top-where-sexy-meets-effortless%20(5)-cover.png"
"triflex™-3-in-1-rotating-deep-clean-brush  (1)","https://media.githubusercontent.com/media/harrietwong/pinterest-videos/refs/heads/main/triflex%E2%84%A2-3-in-1-rotating-deep-clean-brush%20%20(1).mp4","https://media.githubusercontent.com/media/harrietwong/pinterest-videos/refs/heads/main/triflex%E2%84%A2-3-in-1-rotating-deep-clean-brush%20%20(1)-cover.png"
"triflex™-3-in-1-rotating-deep-clean-brush  (2)","https://media.githubusercontent.com/media/harrietwong/pinterest-videos/refs/heads/main/triflex%E2%84%A2-3-in-1-rotating-deep-clean-brush%20%20(2).mp4","https://media.githubusercontent.com/media/harrietwong/pinterest-videos/refs/heads/main/triflex%E2%84%A2-3-in-1-rotating-deep-clean-brush%20%20(2)-cover.png"
"triflex™-3-in-1-rotating-deep-clean-brush  (3)","https://media.githubusercontent.com/media/harrietwong/pinterest-videos/refs/heads/main/triflex%E2%84%A2-3-in-1-rotating-deep-clean-brush%20%20(3).mp4","https://media.githubusercontent.com/media/harrietwong/pinterest-videos/refs/heads/main/triflex%E2%84%A2-3-in-1-rotating-deep-clean-brush%20%20(3)-cover.png"
"triflex™-3-in-1-rotating-deep-clean-brush (1)","https://media.githubusercontent.com/media/harrietwong/pinterest-videos/refs/heads/main/triflex%E2%84%A2-3-in-1-rotating-deep-clean-brush%20(1).mp4","https://media.githubusercontent.com/media/harrietwong/pinterest-videos/refs/heads/main/triflex%E2%84%A2-3-in-1-rotating-deep-clean-brush%20(1)-cover.png"
"triflex™-3-in-1-rotating-deep-clean-brush (2)","https://media.githubusercontent.com/media/harrietwong/pinterest-videos/refs/heads/main/triflex%E2%84%A2-3-in-1-rotating-deep-clean-brush%20(2).mp4","https://media.githubusercontent.com/media/harrietwong/pinterest-videos/refs/heads/main/triflex%E2%84%A2-3-in-1-rotating-deep-clean-brush%20(2)-cover.png"
"triflex™-3-in-1-rotating-deep-clean-brush (3)","https://media.githubusercontent.com/media/harrietwong/pinterest-videos/refs/heads/main/triflex%E2%84%A2-3-in-1-rotating-deep-clean-brush%20(3).mp4","https://media.githubusercontent.com/media/harrietwong/pinterest-videos/refs/heads/main/triflex%E2%84%A2-3-in-1-rotating-deep-clean-brush%20(3)-cover.png"
"triflex™-3-in-1-rotating-deep-clean-brush (4)","https://media.githubusercontent.com/media/harrietwong/pinterest-videos/refs/heads/main/triflex%E2%84%A2-3-in-1-rotating-deep-clean-brush%20(4).mp4","https://media.githubusercontent.com/media/harrietwong/pinterest-videos/refs/heads/main/triflex%E2%84%A2-3-in-1-rotating-deep-clean-brush%20(4)-cover.png"
"triflex™-3-in-1-rotating-deep-clean-brush (5)","https://media.githubusercontent.com/media/harrietwong/pinterest-videos/refs/heads/main/triflex%E2%84%A2-3-in-1-rotating-deep-clean-brush%20(5).mp4","https://media.githubusercontent.com/media/harrietwong/pinterest-videos/refs/heads/main/triflex%E2%84%A2-3-in-1-rotating-deep-clean-brush%20(5)-cover.png"
"triflex™-3-in-1-rotating-deep-clean-brush (6)","https://media.githubusercontent.com/media/harrietwong/pinterest-videos/refs/heads/main/triflex%E2%84%A2-3-in-1-rotating-deep-clean-brush%20(6).mp4","https://media.githubusercontent.com/media/harrietwong/pinterest-videos/refs/heads/main/triflex%E2%84%A2-3-in-1-rotating-deep-clean-brush%20(6)-cover.png"
"triflex™-3-in-1-rotating-deep-clean-brush (7)","https://media.githubusercontent.com/media/harrietwong/pinterest-videos/refs/heads/main/triflex%E2%84%A2-3-in-1-rotating-deep-clean-brush%20(7).mp4","https://media.githubusercontent.com/media/harrietwong/pinterest-videos/refs/heads/main/triflex%E2%84%A2-3-in-1-rotating-deep-clean-brush%20(7)-cover.png"
"triflex™-3-in-1-rotating-deep-clean-brush ","https://media.githubusercontent.com/media/harrietwong/pinterest-videos/refs/heads/main/triflex%E2%84%A2-3-in-1-rotating-deep-clean-brush%20.mp4",""
"universal-sofa-cover-complete-stain-protection (1)","https://media.githubusercontent.com/media/harrietwong/pinterest-videos/refs/heads/main/universal-sofa-cover-complete-stain-protection%20(1).mp4","https://media.githubusercontent.com/media/harrietwong/pinterest-videos/refs/heads/main/universal-sofa-cover-complete-stain-protection%20(1)-cover.png"
"universal-sofa-cover-complete-stain-protection (2)","https://media.githubusercontent.com/media/harrietwong/pinterest-videos/refs/heads/main/universal-sofa-cover-complete-stain-protection%20(2).mp4","https://media.githubusercontent.com/media/harrietwong/pinterest-videos/refs/heads/main/universal-sofa-cover-complete-stain-protection%20(2)-cover.png"
"universal-sofa-cover-complete-stain-protection (3)","https://media.githubusercontent.com/media/harrietwong/pinterest-videos/refs/heads/main/universal-sofa-cover-complete-stain-protection%20(3).mp4","https://media.githubusercontent.com/media/harrietwong/pinterest-videos/refs/heads/main/universal-sofa-cover-complete-stain-protection%20(3)-cover.png"
"universal-sofa-cover-complete-stain-protection (4)","https://media.githubusercontent.com/media/harrietwong/pinterest-videos/refs/heads/main/universal-sofa-cover-complete-stain-protection%20(4).mp4","https://media.githubusercontent.com/media/harrietwong/pinterest-videos/refs/heads/main/universal-sofa-cover-complete-stain-protection%20(4)-cover.png"
"universal-sofa-cover-complete-stain-protection (5)","https://media.githubusercontent.com/media/harrietwong/pinterest-videos/refs/heads/main/universal-sofa-cover-complete-stain-protection%20(5).mp4","https://media.githubusercontent.com/media/harrietwong/pinterest-videos/refs/heads/main/universal-sofa-cover-complete-stain-protection%20(5)-cover.png"
"universal-sofa-cover-complete-stain-protection (6)","https://media.githubusercontent.com/media/harrietwong/pinterest-videos/refs/heads/main/universal-sofa-cover-complete-stain-protection%20(6).mp4","https://media.githubusercontent.com/media/harrietwong/pinterest-videos/refs/heads/main/universal-sofa-cover-complete-stain-protection%20(6)-cover.png"
"universal-sofa-cover-complete-stain-protection (7)","https://media.githubusercontent.com/media/harrietwong/pinterest-videos/refs/heads/main/universal-sofa-cover-complete-stain-protection%20(7).mp4","https://media.githubusercontent.com/media/harrietwong/pinterest-videos/refs/heads/main/universal-sofa-cover-complete-stain-protection%20(7)-cover.png"
"universal-sofa-cover-complete-stain-protection (8)","https://media.githubusercontent.com/media/harrietwong/pinterest-videos/refs/heads/main/universal-sofa-cover-complete-stain-protection%20(8).mp4","https://media.githubusercontent.com/media/harrietwong/pinterest-videos/refs/heads/main/universal-sofa-cover-complete-stain-protection%20(8)-cover.png"
"lunarshine (1)","","https://media.githubusercontent.com/media/harrietwong/pinterest-videos/refs/heads/main/lunarshine%20(1).png"
"lunarshine (2)","","https://media.githubusercontent.com/media/harrietwong/pinterest-videos/refs/heads/main/lunarshine%20(2).png"
"lunarshine (3)","","https://media.githubusercontent.com/media/harrietwong/pinterest-videos/refs/heads/main/lunarshine%20(3).png"
"lunarshine (4)","","https://media.githubusercontent.com/media/harrietwong/pinterest-videos/refs/heads/main/lunarshine%20(4).png"
"QQ截图","","https://media.githubusercontent.com/media/harrietwong/pinterest-videos/refs/heads/main/QQ%E6%88%AA%E5%9B%BE.png"
